07/01/15	"road 500 blue"
07/03/15	"road 500 blue"
07/03/15	"Touring 1000"
07/01/15	"Road 250"
07/01/15	"cheap bike"
07/01/15	"Touring 1000"
07/02/15	"mountain bike"
07/03/15	"mountain bike"
07/01/15	"road bikes"
07/03/15	"cheap bike"
07/03/15	"mountain bike"
07/03/15	"road bikes"
07/02/15	"red bike"
07/01/15	"Road 250"
07/03/15	"HL-Frame 700"
07/03/15	"road bikes"
07/01/15	"mountain bike"
07/03/15	"red bike"
07/03/15	"red bike"
07/03/15	"road 500 blue"
07/01/15	"red bike"
07/02/15	"HL-Frame 700"
07/02/15	"mountain bike"
07/03/15	"mountain bike"
07/01/15	"HL-Frame 700"
07/01/15	"cheap bike"
07/03/15	"HL-Frame 700"
07/01/15	"Touring 1000"
07/01/15	"red bike"
07/01/15	"Road 250"
07/03/15	"road bikes"
07/01/15	"HL-Frame 700"
07/03/15	"Touring 1000"
07/01/15	"mountain bike"
07/03/15	"mountain bike"
07/01/15	"red bike"
07/01/15	"road bikes"
07/02/15	"road bikes"
07/02/15	"red bike"
07/02/15	"mountain bike"
07/01/15	"Touring 1000"
07/01/15	"Road 250"
07/01/15	"HL-Frame 700"
07/02/15	"mountain bike"
07/03/15	"road bikes"
07/03/15	"mountain bike"
07/01/15	"mountain bike"
07/02/15	"red bike"
07/01/15	"HL-Frame 700"
07/02/15	"road 500 blue"
07/01/15	"HL-Frame 700"
07/02/15	"road 500 blue"
07/01/15	"HL-Frame 700"
07/02/15	"mountain bike"
07/02/15	"red bike"
07/01/15	"road bikes"
07/03/15	"road 500 blue"
07/02/15	"cheap bike"
07/01/15	"mountain bike"
07/03/15	"HL-Frame 700"
07/03/15	"mountain bike"
07/01/15	"mountain bike"
07/03/15	"road bikes"
07/03/15	"cheap bike"
07/02/15	"road 500 blue"
07/02/15	"red bike"
07/01/15	"road bikes"
07/03/15	"Road 250"
07/01/15	"HL-Frame 700"
07/01/15	"HL-Frame 700"
07/03/15	"mountain bike"
07/02/15	"Road 250"
07/03/15	"Road 250"
07/03/15	"cheap bike"
07/01/15	"Touring 1000"
07/03/15	"Road 250"
07/02/15	"mountain bike"
07/02/15	"mountain bike"
07/01/15	"cheap bike"
07/01/15	"mountain bike"
07/03/15	"road 500 blue"
07/02/15	"HL-Frame 700"
07/03/15	"red bike"
07/03/15	"road bikes"
07/01/15	"Touring 1000"
07/03/15	"red bike"
07/01/15	"HL-Frame 700"
07/02/15	"HL-Frame 700"
07/01/15	"Touring 1000"
07/01/15	"mountain bike"
07/02/15	"mountain bike"
07/01/15	"road bikes"
07/03/15	"mountain bike"
07/03/15	"HL-Frame 700"
07/03/15	"red bike"
07/01/15	"mountain bike"
07/03/15	"HL-Frame 700"
07/01/15	"road bikes"
07/02/15	"road bikes"
07/02/15	"cheap bike"